,age,job,marital,education,default,balance,housing,loan,contact,day,month,duration,campaign,pdays,previous,poutcome,y
0,40,4,1,2,0,3036,1,0,0,4,8,261,0,0,0,0,0
1,26,9,2,1,0,945,1,0,0,4,8,151,0,0,0,0,0
2,15,2,1,1,0,918,1,1,0,4,8,76,0,0,0,0,0
3,29,1,1,3,0,2420,1,0,0,4,8,92,0,0,0,0,0
4,15,11,2,3,0,917,0,0,0,4,8,198,0,0,0,0,0
5,17,4,1,2,0,1147,1,0,0,4,8,139,0,0,0,0,0
6,10,4,2,2,0,1363,1,1,0,4,8,217,0,0,0,0,0
7,24,2,0,2,1,918,1,0,0,4,8,380,0,0,0,0,0
8,40,5,1,0,0,1037,1,0,0,4,8,50,0,0,0,0,0
9,25,9,2,1,0,1509,1,0,0,4,8,55,0,0,0,0,0
10,23,0,0,1,0,1186,1,0,0,4,8,222,0,0,0,0,0
11,11,0,2,1,0,1306,1,0,0,4,8,137,0,0,0,0,0
12,35,9,1,1,0,922,1,0,0,4,8,517,0,0,0,0,0
13,40,9,1,3,0,987,1,0,0,4,8,71,0,0,0,0,0
14,39,7,1,1,0,1078,1,0,0,4,8,174,0,0,0,0,0
15,33,5,1,0,0,1145,1,0,0,4,8,353,0,0,0,0,0
16,27,0,2,3,0,929,1,0,0,4,8,98,0,0,0,0,0
17,39,1,1,0,0,968,1,0,0,4,8,38,0,0,0,0,0
18,42,5,1,0,0,976,1,0,0,4,8,219,0,0,0,0,0
19,15,7,1,1,0,916,1,0,0,4,8,54,0,0,0,0,0
20,10,1,1,1,0,1639,1,1,0,4,8,262,0,0,0,0,0
21,38,4,1,2,0,1695,1,0,0,4,8,164,0,0,0,0,0
22,14,1,2,0,0,939,1,1,0,4,8,160,0,0,0,0,0
23,7,7,1,1,0,966,1,0,0,4,8,342,0,0,0,0,0
24,22,5,1,0,0,916,1,1,0,4,8,181,0,0,0,0,0
25,26,0,1,1,0,547,1,0,0,4,8,172,0,0,0,0,0
26,21,4,2,2,0,1171,1,0,0,4,8,296,0,0,0,0,0
27,34,2,1,1,0,1029,1,1,0,4,8,127,0,0,0,0,0
28,28,4,2,1,0,670,1,0,0,4,8,255,1,0,0,0,0
29,18,9,2,1,0,1181,1,1,0,4,8,348,0,0,0,0,0
30,39,9,1,1,0,1755,0,1,0,4,8,225,0,0,0,0,0
31,31,4,1,2,0,1294,1,0,0,4,8,230,0,0,0,0,0
32,42,0,1,1,0,955,1,1,0,4,8,208,0,0,0,0,0
33,41,1,1,1,0,916,1,0,0,4,8,226,0,0,0,0,0
34,33,4,1,2,0,6573,1,0,0,4,8,336,0,0,0,0,0
35,39,9,0,1,0,979,1,0,0,4,8,242,0,0,0,0,0
36,7,1,1,1,0,909,1,0,0,4,8,365,0,0,0,0,0
37,35,9,1,1,0,913,0,0,0,4,8,1443,0,0,0,0,0
38,18,0,0,1,0,1422,1,0,0,4,8,577,0,0,0,0,0
39,19,0,2,1,0,916,1,0,0,4,8,137,0,0,0,0,0
40,26,7,0,1,0,3443,1,0,0,4,8,160,0,0,0,0,0
41,32,4,1,1,0,965,1,0,0,4,8,180,1,0,0,0,0
42,42,1,1,3,0,1020,1,0,0,4,8,22,0,0,0,0,0
43,36,5,1,1,0,1445,1,0,0,4,8,1374,0,0,0,0,0
44,40,5,1,3,0,1012,1,0,0,4,8,616,0,0,0,0,0
45,18,0,2,0,0,745,1,0,0,4,8,242,0,0,0,0,0
46,40,6,1,2,0,555,1,0,0,4,8,355,0,0,0,0,0
47,26,9,1,1,0,916,1,0,0,4,8,225,1,0,0,0,0
48,37,9,0,1,0,916,0,0,0,4,8,160,0,0,0,0,0
49,11,4,2,2,0,916,1,0,0,4,8,363,0,0,0,0,0
50,36,1,1,1,0,2207,1,0,0,4,8,266,0,0,0,0,0
51,30,4,0,2,0,672,1,0,0,4,8,253,0,0,0,0,0
52,14,4,1,2,0,916,1,0,0,4,8,179,0,0,0,0,0
53,24,0,2,1,0,840,1,0,0,4,8,787,0,0,0,0,0
54,6,9,2,1,0,813,1,1,0,4,8,145,0,0,0,0,0
55,20,2,2,2,0,1159,0,1,0,4,8,174,0,0,0,0,0
56,20,4,2,2,0,1340,1,0,0,4,8,104,0,0,0,0,0
57,29,1,1,3,0,1222,1,0,0,4,8,13,0,0,0,0,0
58,22,1,2,3,0,940,1,0,0,4,8,185,0,0,0,0,0
59,28,7,1,0,0,1095,1,0,0,4,8,1468,0,0,0,0,0
60,14,0,1,2,0,916,1,0,0,4,8,138,0,0,0,0,0
61,35,9,0,1,0,1905,1,0,0,4,8,812,0,0,0,0,0
62,39,1,1,0,0,1165,1,0,0,4,8,164,0,0,0,0,0
63,15,7,1,1,0,1706,1,0,0,4,8,391,0,0,0,0,0
64,31,1,1,3,0,1070,1,0,0,4,8,357,0,0,0,0,0
65,33,4,1,2,0,5761,1,0,0,4,8,91,0,0,0,0,0
66,42,5,1,2,0,1016,0,0,0,4,8,528,0,0,0,0,0
67,41,4,0,2,0,975,1,0,0,4,8,273,0,0,0,0,0
68,37,9,1,1,0,2121,1,0,0,4,8,158,1,0,0,0,0
69,17,1,2,1,0,6712,1,1,0,4,8,177,0,0,0,0,0
70,39,1,1,1,0,5555,1,1,0,4,8,258,0,0,0,0,0
71,13,7,1,1,0,941,1,1,0,4,8,172,0,0,0,0,0
72,36,4,1,1,0,1198,1,1,0,4,8,154,0,0,0,0,0
73,37,1,1,0,0,939,1,0,0,4,8,291,0,0,0,0,0
74,25,9,1,1,0,2840,1,0,0,4,8,181,0,0,0,0,0
75,35,9,1,1,0,1300,1,0,0,4,8,176,0,0,0,0,0
76,26,1,1,1,0,1498,0,1,0,4,8,211,0,0,0,0,0
77,37,7,0,1,0,1007,0,0,0,4,8,349,0,0,0,0,0
78,31,7,0,1,0,916,1,1,0,4,8,272,0,0,0,0,0
79,37,7,0,1,1,917,1,0,0,4,8,208,0,0,0,0,0
80,27,0,2,1,0,1122,1,0,0,4,8,193,0,0,0,0,0
81,29,7,0,1,0,1080,0,0,0,4,8,212,0,0,0,0,0
82,24,9,2,1,0,1606,1,0,0,4,8,20,0,0,0,0,0
83,41,0,1,1,0,3223,1,0,0,4,8,1038,0,0,0,0,1
84,28,6,1,2,0,1053,1,1,0,4,8,246,0,0,0,0,0
85,33,1,1,0,0,1089,1,0,0,4,8,529,1,0,0,0,0
86,38,0,1,1,0,961,0,0,0,4,8,1359,0,0,0,0,1
87,23,9,1,1,0,2186,1,0,0,4,8,1313,0,0,0,0,1
88,28,4,0,1,0,932,1,1,0,4,8,188,1,0,0,0,0
89,39,5,1,1,0,1402,1,0,0,4,8,180,1,0,0,0,0
90,24,4,2,1,0,966,0,0,0,4,8,48,0,0,0,0,0
91,12,9,1,1,0,1068,1,1,0,4,8,213,1,0,0,0,0
92,42,0,1,1,0,1206,1,0,0,4,8,583,0,0,0,0,0
93,42,1,1,3,0,970,1,0,0,4,8,221,0,0,0,0,0
94,39,2,0,1,0,879,0,0,0,4,8,173,0,0,0,0,0
95,18,4,1,2,0,1017,1,1,0,4,8,426,0,0,0,0,0
96,37,1,1,1,0,1299,0,0,0,4,8,287,0,0,0,0,0
97,42,5,1,2,0,997,1,0,0,4,8,101,0,0,0,0,0
98,21,9,1,1,0,916,1,0,0,4,8,203,0,0,0,0,0
99,28,4,1,2,0,1145,1,0,0,4,8,197,0,0,0,0,0
100,26,1,1,1,0,288,1,0,0,4,8,257,0,0,0,0,0
101,35,1,1,0,0,1006,0,0,0,4,8,124,0,0,0,0,0
102,34,1,1,0,0,1044,1,0,0,4,8,229,0,0,0,0,0
103,41,1,1,0,0,1095,1,0,0,4,8,55,2,0,0,0,0
104,9,9,2,2,0,916,1,0,0,4,8,400,0,0,0,0,0
105,26,1,1,1,0,970,1,0,0,4,8,197,0,0,0,0,0
106,29,9,1,2,0,1067,1,0,0,4,8,190,0,0,0,0,0
107,16,0,1,1,0,977,0,1,0,4,8,21,0,0,0,0,0
108,41,5,2,1,0,946,1,0,0,4,8,514,0,0,0,0,0
109,27,4,1,2,0,1439,1,0,0,4,8,848,1,0,0,0,0
110,11,7,0,1,0,947,1,0,0,4,8,194,0,0,0,0,0
111,28,9,0,1,0,995,0,0,0,4,8,144,0,0,0,0,0
112,38,6,1,0,0,882,1,1,0,4,8,212,1,0,0,0,0
113,18,1,1,0,0,1364,1,0,0,4,8,286,0,0,0,0,0
114,41,5,0,0,0,997,1,0,0,4,8,107,0,0,0,0,0
115,26,1,1,1,0,1060,1,0,0,4,8,247,1,0,0,0,0
116,23,0,1,1,0,1267,1,0,0,4,8,518,0,0,0,0,0
117,15,4,2,2,0,849,1,0,0,4,8,364,0,0,0,0,0
118,41,4,0,2,0,1178,0,0,0,4,8,178,0,0,0,0,0
119,39,9,1,0,0,916,0,0,0,4,8,98,0,0,0,0,0
120,38,9,0,3,0,972,1,0,0,4,8,439,0,0,0,0,0
121,33,1,1,1,0,942,1,0,0,4,8,79,0,0,0,0,0
122,16,0,1,3,0,919,1,0,0,4,8,120,2,0,0,0,0
123,25,7,1,1,0,957,1,1,0,4,8,127,1,0,0,0,0
124,34,9,1,2,0,923,0,1,0,4,8,175,0,0,0,0,0
125,15,9,2,1,0,1021,1,0,0,4,8,262,1,0,0,0,0
126,11,0,2,1,0,1734,1,1,0,4,8,61,0,0,0,0,0
127,16,7,1,1,0,900,1,1,0,4,8,78,0,0,0,0,0
128,13,1,1,1,0,916,1,0,0,4,8,143,0,0,0,0,0
129,37,7,1,1,0,3344,1,0,0,4,8,579,0,0,0,0,1
130,37,4,1,3,0,2101,0,0,0,4,8,677,0,0,0,0,0
131,14,0,2,1,0,1133,1,0,0,4,8,345,0,0,0,0,0
132,20,9,2,1,0,2595,1,0,0,4,8,185,0,0,0,0,0
133,37,0,2,1,0,1718,1,1,0,4,8,100,1,0,0,0,0
134,10,10,2,2,0,916,1,0,0,4,8,125,1,0,0,0,0
135,5,1,1,1,0,1010,1,0,0,4,8,193,0,0,0,0,0
136,14,9,2,1,0,916,1,0,0,4,8,136,0,0,0,0,0
137,25,7,2,3,0,916,0,0,0,4,8,73,0,0,0,0,0
138,14,1,1,1,0,1433,1,0,0,4,8,528,0,0,0,0,0
139,28,1,1,1,0,1181,1,0,0,4,8,541,0,0,0,0,0
140,35,3,0,0,0,1863,1,0,0,4,8,163,0,0,0,0,0
141,16,6,2,1,0,919,1,0,0,4,8,301,0,0,0,0,0
142,39,10,1,2,0,958,0,0,0,4,8,46,0,0,0,0,0
143,19,1,1,1,0,953,1,0,0,4,8,204,0,0,0,0,0
144,41,1,1,1,0,973,1,0,0,4,8,98,0,0,0,0,0
145,15,7,1,1,0,938,1,0,0,4,8,71,0,0,0,0,0
146,38,1,0,0,0,924,1,0,0,4,8,157,1,0,0,0,0
147,30,10,1,1,0,1209,1,0,0,4,8,243,0,0,0,0,0
148,25,7,1,0,0,919,1,0,0,4,8,186,1,0,0,0,0
149,36,1,1,0,0,1264,1,0,0,4,8,579,1,0,0,0,0
150,33,1,1,3,0,897,1,0,0,4,8,163,1,0,0,0,0
151,8,8,2,1,0,916,1,0,0,4,8,610,1,0,0,0,0
152,22,4,1,2,0,912,1,0,0,4,8,1521,0,0,0,0,0
153,21,4,1,1,0,934,1,0,0,4,8,85,0,0,0,0,0
154,32,9,1,0,0,1055,0,0,0,4,8,114,1,0,0,0,0
155,23,7,1,1,0,916,1,0,0,4,8,114,1,0,0,0,0
156,33,1,1,3,0,2787,1,0,0,4,8,57,0,0,0,0,0
157,42,5,0,1,0,1132,1,0,0,4,8,238,0,0,0,0,0
158,34,1,1,1,0,1698,1,0,0,4,8,93,2,0,0,0,0
159,30,1,1,1,0,1820,1,0,0,4,8,128,1,0,0,0,0
160,30,7,1,3,0,2615,1,0,0,4,8,107,0,0,0,0,0
161,21,9,2,2,0,963,1,0,0,4,8,181,0,0,0,0,0
162,29,7,2,1,0,1092,1,0,0,4,8,303,1,0,0,0,0
163,22,1,1,1,0,2141,1,0,0,4,8,558,4,0,0,0,0
164,27,9,1,1,0,1002,1,0,0,4,8,270,0,0,0,0,0
165,8,0,2,1,0,998,1,0,0,4,8,228,0,0,0,0,0
166,34,4,1,2,0,1187,1,0,0,4,8,99,0,0,0,0,0
167,36,9,1,1,0,2294,1,0,0,4,8,240,0,0,0,0,0
168,36,0,1,2,0,1100,0,0,0,4,8,673,1,0,0,0,1
169,32,1,1,0,0,916,0,0,0,4,8,233,2,0,0,0,0
170,17,1,1,1,0,916,1,0,0,4,8,1050,0,0,0,0,0
171,26,7,1,1,0,2273,1,1,0,4,8,250,0,0,0,0,0
172,35,2,1,3,0,935,1,0,0,4,8,252,0,0,0,0,0
173,17,5,2,0,0,1350,0,0,0,4,8,138,0,0,0,0,0
174,42,0,0,1,0,1008,1,0,0,4,8,130,0,0,0,0,0
175,35,0,0,1,0,2067,1,0,0,4,8,412,0,0,0,0,0
176,30,10,1,1,0,957,1,0,0,4,8,179,1,0,0,0,0
177,16,9,1,1,0,967,1,0,0,4,8,19,1,0,0,0,0
178,36,7,1,1,0,1130,1,0,0,4,8,458,1,0,0,0,0
179,33,4,1,1,0,2077,1,0,0,4,8,717,0,0,0,0,0
180,13,7,1,2,0,953,1,0,0,4,8,313,0,0,0,0,0
181,17,9,0,1,0,1703,1,0,0,4,8,683,1,0,0,0,0
182,17,7,1,1,0,975,1,0,0,4,8,1068,0,0,0,0,0
183,20,9,1,1,0,1169,1,0,0,4,8,416,0,0,0,0,0
184,18,0,1,2,0,1127,1,0,0,4,8,146,1,0,0,0,0
185,40,5,1,0,0,1151,1,0,0,4,8,167,0,0,0,0,0
186,22,7,0,3,0,4781,1,0,0,4,8,315,0,0,0,0,0
187,36,4,1,1,0,4599,0,0,0,4,8,140,0,0,0,0,0
188,16,1,2,1,0,969,1,1,0,4,8,346,0,0,0,0,0
189,13,4,2,2,0,916,1,0,0,4,8,562,0,0,0,0,0
190,33,5,1,1,0,3021,1,0,0,4,8,172,0,0,0,0,0
191,15,4,1,2,0,1293,1,0,0,4,8,217,0,0,0,0,0
192,37,4,1,2,0,989,1,0,0,4,8,142,1,0,0,0,0
193,24,0,1,1,0,1361,1,0,0,4,8,67,0,0,0,0,0
194,16,1,1,1,0,1159,1,0,0,4,8,291,0,0,0,0,0
195,15,1,2,1,0,1223,1,0,0,4,8,309,1,0,0,0,0
196,20,7,1,1,0,1071,1,0,0,4,8,248,0,0,0,0,0
197,32,9,0,2,0,1089,0,1,0,4,8,98,0,0,0,0,0
198,25,4,1,2,0,1316,1,0,0,4,8,256,0,0,0,0,0
199,43,1,0,0,0,2344,1,0,0,4,8,82,1,0,0,0,0
200,29,0,1,1,0,1135,1,0,0,4,8,577,0,0,0,0,0
201,30,6,1,2,0,923,1,0,0,4,8,286,0,0,0,0,0
202,26,1,1,1,0,1491,1,0,0,4,8,477,0,0,0,0,0
203,17,8,2,3,0,1214,1,0,0,4,8,611,1,0,0,0,0
204,17,7,1,1,0,916,1,0,0,4,8,471,0,0,0,0,0
205,32,7,1,1,0,5447,1,0,0,4,8,381,1,0,0,0,0
206,23,4,1,2,0,1092,1,1,0,4,8,42,0,0,0,0,0
207,23,4,1,2,0,1433,1,0,0,4,8,251,0,0,0,0,0
208,21,7,2,3,0,1173,1,0,0,4,8,408,0,0,0,0,0
209,24,5,1,1,0,972,1,0,0,4,8,215,0,0,0,0,0
210,20,1,1,1,0,532,1,0,0,4,8,287,0,0,0,0,0
211,35,5,1,1,0,1246,1,0,0,4,8,216,1,0,0,0,0
212,41,3,0,0,0,1111,0,0,0,4,8,366,1,0,0,0,0
213,18,7,1,1,0,1217,1,0,0,4,8,210,0,0,0,0,0
214,36,1,1,0,0,875,1,0,0,4,8,288,0,0,0,0,0
215,22,9,1,2,0,1399,1,0,0,4,8,168,0,0,0,0,0
216,29,11,1,3,0,944,0,0,0,4,8,338,1,0,0,0,0
217,35,10,1,3,0,929,0,0,0,4,8,410,2,0,0,0,0
218,28,3,1,0,0,1881,0,0,0,4,8,177,0,0,0,0,0
219,21,4,1,2,0,1294,1,1,0,4,8,127,1,0,0,0,0
220,22,10,1,1,0,1135,1,0,0,4,8,357,0,0,0,0,0
221,10,1,1,0,0,1240,1,0,0,4,8,175,0,0,0,0,0
222,17,2,0,1,0,847,1,0,0,4,8,300,0,0,0,0,0
223,37,5,1,1,0,916,0,1,0,4,8,136,0,0,0,0,0
224,25,9,0,3,0,1121,1,0,0,4,8,1331,0,0,0,0,0
225,30,1,1,0,0,1194,1,0,0,4,8,125,1,0,0,0,0
226,40,4,1,3,0,1981,1,0,0,4,8,213,2,0,0,0,0
227,15,4,2,2,0,950,1,0,0,4,8,27,0,0,0,0,0
228,18,1,1,3,0,1949,0,0,0,4,8,238,1,0,0,0,0
229,35,7,0,1,0,2383,1,0,0,4,8,124,0,0,0,0,0
230,29,1,1,0,0,904,1,0,0,4,8,18,0,0,0,0,0
231,13,7,1,1,0,1304,1,0,0,4,8,730,1,0,0,0,0
232,39,2,1,1,0,1210,1,0,0,4,8,746,1,0,0,0,0
233,35,1,1,3,0,2732,0,0,0,4,8,121,0,0,0,0,0
234,37,1,1,0,0,1543,1,0,0,4,8,247,0,0,0,0,0
235,27,1,1,0,0,941,1,0,0,4,8,40,0,0,0,0,0
236,35,0,0,1,0,1231,1,0,0,4,8,181,1,0,0,0,0
237,19,1,1,0,0,916,1,0,0,4,8,79,0,0,0,0,0
238,26,0,0,1,0,982,1,0,0,4,8,206,0,0,0,0,0
239,31,1,0,0,0,907,1,1,0,4,8,389,0,0,0,0,0
240,28,9,1,1,0,1265,1,1,0,4,8,127,0,0,0,0,0
241,25,2,1,3,0,1016,1,0,0,4,8,702,0,0,0,0,0
242,20,0,1,1,0,916,0,0,0,4,8,151,0,0,0,0,0
243,25,9,1,1,0,1350,1,0,0,4,8,117,0,0,0,0,0
244,31,4,1,2,0,3995,1,0,0,4,8,232,2,0,0,0,0
245,24,4,1,3,0,1191,0,0,0,4,8,408,1,0,0,0,0
246,4,1,2,1,0,916,1,0,0,4,8,179,1,0,0,0,0
247,22,4,1,2,0,1123,1,0,0,4,8,39,0,0,0,0,0
248,21,1,1,1,0,1399,1,0,0,4,8,282,0,0,0,0,0
249,33,7,1,1,0,3136,1,0,0,4,8,714,1,0,0,0,0
250,31,0,1,1,0,1344,1,0,0,4,8,50,0,0,0,0,0
251,35,1,1,1,0,916,1,1,0,4,8,181,0,0,0,0,0
252,16,7,2,1,0,916,1,0,0,4,8,142,0,0,0,0,0
253,15,9,0,1,0,1056,1,0,0,4,8,227,0,0,0,0,0
254,32,4,2,2,0,1213,1,0,0,4,8,119,0,0,0,0,0
255,21,1,1,0,0,1195,1,0,0,4,8,361,0,0,0,0,0
256,41,2,0,1,0,1817,1,0,0,4,8,73,2,0,0,0,0
257,12,9,2,1,0,3430,1,0,0,4,8,67,1,0,0,0,0
258,18,7,1,1,0,1059,1,1,0,4,8,350,0,0,0,0,0
259,22,1,1,1,0,1391,1,0,0,4,8,332,1,0,0,0,0
260,35,1,1,1,0,986,1,0,0,4,8,611,1,0,0,0,0
261,16,4,2,2,0,1234,1,0,0,4,8,113,1,0,0,0,0
262,19,9,1,1,0,1191,1,0,0,4,8,132,0,0,0,0,0
263,24,4,0,2,0,1658,1,0,0,4,8,58,2,0,0,0,0
264,23,2,1,0,0,1152,1,0,0,4,8,151,0,0,0,0,0
265,12,8,2,2,0,941,1,0,0,4,8,89,1,0,0,0,0
266,19,4,2,2,0,1516,1,0,0,4,8,152,0,0,0,0,0
267,21,0,0,1,0,569,1,0,0,4,8,611,1,0,0,0,0
268,23,1,1,0,0,1099,1,1,0,4,8,110,1,0,0,0,0
269,22,1,1,0,0,916,1,0,0,4,8,463,0,0,0,0,0
270,24,4,2,2,0,916,1,1,0,4,8,562,1,0,0,0,1
271,22,1,0,0,0,916,1,0,0,4,8,960,0,0,0,0,0
272,39,9,1,1,0,1994,1,0,0,4,8,10,3,0,0,0,0
273,38,2,0,1,0,1071,0,0,0,4,8,118,2,0,0,0,0
274,19,0,1,1,0,1106,1,0,0,4,8,92,1,0,0,0,0
275,41,5,1,1,0,1235,1,0,0,4,8,143,2,0,0,0,0
276,21,7,0,1,0,731,1,0,0,4,8,189,2,0,0,0,0
277,31,7,1,1,0,963,0,0,0,4,8,234,1,0,0,0,0
278,20,7,2,1,0,1486,1,0,0,4,8,75,1,0,0,0,0
279,18,6,1,2,0,935,0,0,0,4,8,189,1,0,0,0,0
280,32,1,1,0,0,977,1,0,0,4,8,621,2,0,0,0,0
281,23,0,1,1,0,854,1,1,0,4,8,55,1,0,0,0,0
282,36,9,1,2,0,1174,0,0,0,4,8,310,3,0,0,0,0
283,40,1,1,0,0,992,1,0,0,4,8,156,1,0,0,0,0
284,12,1,2,1,0,916,1,0,0,4,8,5,1,0,0,0,0
285,15,0,2,1,0,1268,1,0,0,4,8,225,1,0,0,0,0
286,29,0,1,1,0,1284,1,0,0,4,8,125,1,0,0,0,0
287,32,9,2,2,0,1255,1,0,0,4,8,2,2,0,0,0,0
288,14,1,1,1,0,2247,1,0,0,4,8,286,1,0,0,0,0
289,22,6,1,1,0,1588,1,0,0,4,8,164,1,0,0,0,0
290,19,4,1,2,0,974,1,0,0,4,8,98,1,0,0,0,0
291,36,9,2,3,0,1363,1,0,0,4,8,742,1,0,0,0,0
292,6,8,2,1,0,1339,1,0,0,4,8,226,2,0,0,0,0
293,36,4,1,2,0,916,0,0,0,4,8,120,1,0,0,0,0
294,16,9,1,1,0,935,1,0,0,4,8,362,3,0,0,0,0
295,38,9,0,0,0,929,1,0,0,4,8,357,1,0,0,0,0
296,13,1,2,1,0,919,1,0,0,4,8,200,1,0,0,0,0
297,6,8,2,1,0,998,1,0,0,4,8,204,1,0,0,0,0
298,24,1,0,0,0,944,1,0,0,4,8,126,2,0,0,0,0
299,39,9,1,1,0,1708,1,0,0,4,8,65,1,0,0,0,0
300,24,1,1,3,0,1324,1,0,0,4,8,107,1,0,0,0,0
301,33,0,1,1,0,1447,1,0,0,4,8,267,1,0,0,0,0
302,39,5,1,1,0,1127,1,0,0,4,8,248,1,0,0,0,0
303,18,7,2,1,0,978,1,0,0,4,8,215,1,0,0,0,0
304,35,7,1,3,0,1173,1,0,0,4,8,209,1,0,0,0,0
305,32,9,1,1,0,2150,1,0,0,4,8,205,1,0,0,0,0
306,36,4,1,2,0,1229,1,0,0,4,8,83,1,0,0,0,0
307,37,1,1,1,0,1005,1,0,0,4,8,106,2,0,0,0,0
308,26,1,1,1,0,1045,1,1,0,4,8,189,1,0,0,0,0
309,25,4,1,3,0,916,1,0,0,4,8,105,1,0,0,0,0
310,38,0,1,1,0,1269,1,0,0,4,8,106,1,0,0,0,0
311,36,9,1,3,0,1767,1,0,0,4,8,108,1,0,0,0,0
312,37,7,0,0,0,1012,1,1,0,4,8,311,1,0,0,0,0
313,19,7,0,1,0,1314,1,1,0,4,8,214,1,0,0,0,0
314,15,0,2,2,0,1109,0,0,0,4,8,132,1,0,0,0,0
315,28,0,1,1,0,561,1,0,0,4,8,358,1,0,0,0,0
316,18,1,1,1,0,1455,1,1,0,4,8,453,1,0,0,0,0
317,33,9,2,1,0,916,1,0,0,4,8,364,1,0,0,0,0
318,22,5,2,0,0,916,0,0,0,4,8,136,1,0,0,0,0
319,24,1,1,1,0,1406,1,0,0,4,8,386,1,0,0,0,0
320,33,1,1,1,0,916,1,0,0,4,8,173,1,0,0,0,0
321,31,1,1,3,0,1319,1,0,0,4,8,241,1,0,0,0,0
322,30,4,1,1,0,1077,1,0,0,4,8,224,2,0,0,0,0
323,14,9,0,2,0,3418,0,0,0,4,8,148,1,0,0,0,0
324,13,0,2,1,0,1014,1,0,0,4,8,196,1,0,0,0,0
325,37,4,2,2,0,1031,0,0,0,4,8,111,3,0,0,0,0
326,22,1,2,1,0,1352,1,0,0,4,8,231,2,0,0,0,0
327,29,9,1,2,0,1747,1,0,0,4,8,316,2,0,0,0,0
328,39,9,1,3,0,1122,1,0,0,4,8,216,2,0,0,0,0
329,23,1,1,1,0,1206,1,0,0,4,8,240,1,0,0,0,0
330,30,1,1,1,0,917,0,0,0,4,8,669,2,0,0,0,0
331,24,1,1,3,0,973,1,0,0,4,8,425,1,0,0,0,0
332,12,1,2,1,0,469,1,0,0,4,8,143,1,0,0,0,0
333,40,4,2,2,0,2303,1,0,0,4,8,174,4,0,0,0,0
334,27,4,0,2,0,7081,1,0,0,4,8,313,2,0,0,0,0
335,31,1,1,1,0,946,1,0,0,4,8,135,3,0,0,0,0
336,24,0,2,1,0,1938,1,0,0,4,8,146,1,0,0,0,0
337,35,9,1,1,0,972,1,1,0,4,8,152,1,0,0,0,0
338,33,0,2,1,1,914,0,0,0,4,8,402,2,0,0,0,0
339,14,7,2,1,0,1037,1,0,0,4,8,213,1,0,0,0,0
340,23,1,2,1,0,1758,1,0,0,4,8,144,2,0,0,0,0
341,25,4,0,1,0,1609,1,0,0,4,8,124,2,0,0,0,0
342,22,1,0,1,0,585,1,0,0,4,8,183,1,0,0,0,0
343,32,1,1,0,0,2447,1,0,0,4,8,325,1,0,0,0,0
344,16,4,1,2,0,962,1,0,0,4,8,39,3,0,0,0,0
345,35,7,1,3,0,934,0,0,0,4,8,503,1,0,0,0,0
346,27,9,1,1,0,960,1,0,0,4,8,95,3,0,0,0,0
347,21,1,1,0,0,816,1,0,0,4,8,680,1,0,0,0,0
348,26,7,1,2,0,1426,1,0,0,4,8,421,3,0,0,0,0
349,37,4,1,2,0,1601,1,0,0,4,8,174,2,0,0,0,0
350,28,4,2,2,0,1103,1,0,0,4,8,113,1,0,0,0,0
351,27,1,1,1,0,982,1,0,0,4,8,808,1,0,0,0,0
352,16,0,1,1,0,1476,1,0,0,4,8,198,2,0,0,0,0
353,18,1,1,1,0,916,1,0,0,4,8,195,1,0,0,0,0
354,41,11,0,3,0,943,0,0,0,4,8,347,2,0,0,0,0
355,13,0,2,1,0,928,1,0,0,4,8,208,1,0,0,0,0
356,26,1,2,1,0,950,1,0,0,4,8,404,3,0,0,0,0
357,15,2,2,2,0,1984,1,0,0,4,8,396,1,0,0,0,0
358,22,1,1,1,0,1127,1,0,0,4,8,216,3,0,0,0,0
359,28,0,2,2,0,1293,1,0,0,4,8,98,1,0,0,0,0
360,30,4,1,2,0,1179,1,0,0,4,8,350,1,0,0,0,0
361,24,7,1,1,0,2179,1,0,0,5,8,114,1,0,0,0,0
362,9,7,1,1,0,924,1,0,0,5,8,88,2,0,0,0,0
363,30,0,1,1,0,1042,1,1,0,5,8,379,1,0,0,0,0
364,41,0,1,1,0,1146,1,0,0,5,8,190,2,0,0,0,0
365,28,9,1,2,0,1757,1,0,0,5,8,158,0,0,0,0,0
366,20,0,0,1,0,1224,1,0,0,5,8,102,0,0,0,0,0
367,25,4,0,2,0,917,1,0,0,5,8,306,0,0,0,0,0
368,20,0,0,2,0,1002,1,0,0,5,8,218,0,0,0,0,0
369,5,8,2,1,0,1073,1,0,0,5,8,54,0,0,0,0,0
370,16,7,1,1,0,938,1,0,0,5,8,344,0,0,0,0,0
371,20,0,1,1,0,962,1,1,0,5,8,195,0,0,0,0,0
372,19,1,1,1,0,2209,0,0,0,5,8,652,0,0,0,0,0
373,7,0,2,1,0,1038,1,0,0,5,8,286,0,0,0,0,0
374,30,1,1,3,0,1047,1,0,0,5,8,189,0,0,0,0,0
375,31,1,2,1,0,1059,1,0,0,5,8,83,0,0,0,0,0
376,20,0,2,1,0,1309,0,0,0,5,8,184,1,0,0,0,0
377,25,1,1,0,0,1014,1,0,0,5,8,235,0,0,0,0,0
378,15,4,1,2,0,916,1,0,0,5,8,290,0,0,0,0,0
379,37,1,1,1,0,1140,1,0,0,5,8,232,0,0,0,0,0
380,20,1,1,1,0,1673,1,0,0,5,8,133,0,0,0,0,0
381,31,7,1,1,0,1161,1,1,0,5,8,318,0,0,0,0,0
382,22,4,1,1,0,6267,0,0,0,5,8,260,2,0,0,0,0
383,25,0,1,3,0,1266,0,0,0,5,8,437,0,0,0,0,0
384,20,1,1,1,0,936,1,0,0,5,8,402,0,0,0,0,0
385,40,7,1,1,0,2578,1,1,0,5,8,85,0,0,0,0,0
386,39,9,1,3,0,1261,1,0,0,5,8,125,0,0,0,0,0
387,14,10,1,1,0,926,1,0,0,5,8,501,3,0,0,0,0
388,38,4,1,2,0,1746,1,1,0,5,8,1179,0,0,0,0,1
389,40,1,0,3,0,945,1,0,0,5,8,253,0,0,0,0,0
390,42,5,0,1,0,1461,1,0,0,5,8,1026,0,0,0,0,1
391,19,9,1,2,0,6315,1,0,0,5,8,149,0,0,0,0,0
392,28,9,0,2,0,1393,1,0,0,5,8,114,0,0,0,0,0
393,9,0,1,1,0,920,1,0,0,5,8,243,0,0,0,0,0
394,25,1,1,1,0,2121,1,0,0,5,8,769,1,0,0,0,0
395,14,9,2,1,0,916,1,1,0,5,8,135,2,0,0,0,0
396,22,0,2,1,0,1179,1,0,0,5,8,231,0,0,0,0,0
397,20,0,1,1,0,917,0,0,0,5,8,76,0,0,0,0,0
398,16,1,1,1,0,1199,0,1,0,5,8,199,0,0,0,0,0
399,29,1,1,0,0,1122,1,0,0,5,8,152,0,0,0,0,0
400,24,3,1,0,0,933,1,0,0,5,8,124,0,0,0,0,0
401,30,9,1,1,0,1057,1,1,0,5,8,424,0,0,0,0,0
402,11,6,2,2,0,932,1,0,0,5,8,43,0,0,0,0,0
403,32,7,1,1,0,1122,1,0,0,5,8,154,0,0,0,0,0
404,34,9,1,3,0,923,0,0,0,5,8,203,1,0,0,0,0
405,32,4,1,2,0,916,0,0,0,5,8,326,0,0,0,0,0
406,40,5,1,2,0,916,0,0,0,5,8,393,0,0,0,0,0
407,28,1,0,0,0,2831,1,0,0,5,8,241,2,0,0,0,0
408,20,9,1,1,0,1200,1,0,0,5,8,483,0,0,0,0,0
409,28,1,1,1,0,2571,1,0,0,5,8,259,0,0,0,0,0
410,14,7,2,1,0,1322,1,0,0,5,8,227,0,0,0,0,0
411,33,1,1,0,0,1146,1,0,0,5,8,673,0,0,0,0,0
412,21,0,2,1,0,891,1,0,0,5,8,576,0,0,0,0,0
413,30,0,1,1,0,1098,1,0,0,5,8,180,1,0,0,0,0
414,18,2,1,2,0,2085,1,0,0,5,8,168,1,0,0,0,0
415,16,0,0,1,0,983,1,0,0,5,8,90,0,0,0,0,0
416,22,9,1,1,0,993,0,0,0,5,8,505,0,0,0,0,0
417,25,10,1,1,0,916,1,0,0,5,8,245,0,0,0,0,0
418,34,1,0,0,0,971,1,1,0,5,8,186,0,0,0,0,0
419,15,9,1,1,1,988,1,0,0,5,8,623,0,0,0,0,0
420,31,4,2,2,0,1079,1,0,0,5,8,496,2,0,0,0,0
421,14,4,2,2,0,1067,1,0,0,5,8,118,0,0,0,0,0
422,21,0,2,1,0,1029,1,0,0,5,8,342,0,0,0,0,0
423,22,1,1,1,0,916,1,0,0,5,8,225,0,0,0,0,0
424,20,9,2,2,0,925,1,0,0,5,8,185,2,0,0,0,0
425,25,4,1,1,0,1291,1,0,0,5,8,196,1,0,0,0,0
426,21,7,1,1,0,2058,1,0,0,5,8,276,0,0,0,0,0
427,36,1,1,0,0,2996,1,0,0,5,8,76,0,0,0,0,0
428,20,9,2,2,0,4748,1,0,0,5,8,87,0,0,0,0,0
429,22,1,1,1,0,1133,1,0,0,5,8,195,0,0,0,0,0
430,37,0,1,1,0,1047,1,0,0,5,8,744,0,0,0,0,0
431,24,4,1,2,0,2590,1,0,0,5,8,765,0,0,0,0,0
432,21,1,1,1,0,916,1,0,0,5,8,262,0,0,0,0,0
433,22,1,1,0,0,962,1,0,0,5,8,119,0,0,0,0,0
434,14,1,1,1,0,1236,1,0,0,5,8,198,1,0,0,0,0
435,37,0,1,1,0,1099,1,0,0,5,8,150,0,0,0,0,0
436,27,1,1,1,0,955,0,0,0,5,8,241,0,0,0,0,0
437,17,4,2,2,0,1476,1,0,0,5,8,181,0,0,0,0,0
438,40,9,0,1,0,1385,0,0,0,5,8,196,0,0,0,0,0
439,17,0,1,1,0,1446,1,0,0,5,8,149,0,0,0,0,0
440,31,7,1,0,0,977,1,0,0,5,8,246,0,0,0,0,0
441,16,9,2,2,0,1158,1,0,0,5,8,112,0,0,0,0,0
442,18,1,1,1,0,1055,1,0,0,5,8,309,1,0,0,0,0
443,6,6,2,1,0,916,1,0,0,5,8,278,0,0,0,0,0
444,16,9,1,1,0,1283,1,0,0,5,8,140,0,0,0,0,0
445,33,0,0,1,0,1144,1,0,0,5,8,136,0,0,0,0,0
446,21,9,2,3,0,7150,1,0,0,5,8,1431,0,0,0,0,1
447,32,6,1,3,0,832,1,0,0,5,8,101,0,0,0,0,0
448,14,7,2,1,0,1226,1,0,0,5,8,144,0,0,0,0,0
449,24,1,1,3,0,1048,1,0,0,5,8,238,0,0,0,0,0
450,32,9,1,1,0,1713,1,0,0,5,8,354,0,0,0,0,0
451,22,7,1,1,0,987,0,0,0,5,8,79,0,0,0,0,0
452,28,4,0,3,0,918,1,0,0,5,8,187,0,0,0,0,0
453,19,4,1,2,0,1147,1,1,0,5,8,451,1,0,0,0,0
454,16,1,1,1,0,1186,1,1,0,5,8,159,0,0,0,0,0
455,26,1,1,1,0,1190,1,1,0,5,8,409,0,0,0,0,0
456,22,0,2,1,0,807,1,1,0,5,8,170,0,0,0,0,0
457,19,9,1,1,0,917,1,0,0,5,8,608,0,0,0,0,1
458,15,1,2,1,1,856,0,0,0,5,8,243,0,0,0,0,0
459,17,1,1,1,0,1005,1,0,0,5,8,145,1,0,0,0,0
460,40,1,0,1,0,905,0,0,0,5,8,112,0,0,0,0,0
461,21,1,1,0,0,916,1,0,0,5,8,262,1,0,0,0,0
462,25,1,1,1,0,419,1,0,0,5,8,124,0,0,0,0,0
463,21,10,1,0,0,1324,1,0,0,5,8,53,0,0,0,0,0
464,18,7,2,0,0,974,1,0,0,5,8,134,0,0,0,0,0
465,39,5,2,1,0,2553,0,1,0,5,8,204,3,0,0,0,0
466,18,0,2,1,0,936,1,0,0,5,8,186,0,0,0,0,0
467,32,1,1,0,0,987,1,0,0,5,8,678,0,0,0,0,0
468,37,1,1,1,0,968,1,0,0,5,8,182,0,0,0,0,0
469,26,6,1,2,0,1208,1,0,0,5,8,162,0,0,0,0,0
470,26,7,0,1,0,1340,1,0,0,5,8,27,0,0,0,0,0
471,21,3,2,0,0,1025,1,0,0,5,8,699,2,0,0,0,0
472,28,1,1,3,0,1960,1,0,0,5,8,43,0,0,0,0,0
473,21,1,1,1,0,1899,1,0,0,5,8,97,0,0,0,0,0
474,16,0,1,1,0,1785,0,0,0,5,8,1445,0,0,0,0,1
475,22,1,1,0,0,1584,1,0,0,5,8,283,1,0,0,0,0
476,32,4,1,2,0,1880,1,0,0,5,8,323,0,0,0,0,0
477,13,4,2,1,0,1217,1,0,0,5,8,82,0,0,0,0,0
478,19,0,2,1,0,1056,1,0,0,5,8,310,0,0,0,0,0
479,21,4,2,1,0,2781,1,0,0,5,8,185,0,0,0,0,0
480,33,1,1,0,0,2043,1,0,0,5,8,47,0,0,0,0,0
481,23,9,1,1,0,1787,1,0,0,5,8,145,0,0,0,0,0
482,23,9,1,1,0,1683,1,1,0,5,8,204,0,0,0,0,0
483,25,1,1,1,0,916,0,0,0,5,8,187,0,0,0,0,0
484,12,7,2,1,0,1125,1,0,0,5,8,30,1,0,0,0,0
485,36,4,0,0,0,916,0,0,0,5,8,472,0,0,0,0,0
486,25,1,0,1,0,1026,1,1,0,5,8,448,0,0,0,0,0
487,41,4,0,2,0,840,1,1,0,5,8,264,0,0,0,0,0
488,29,9,1,3,0,1094,1,0,0,5,8,169,0,0,0,0,0
489,22,1,1,0,0,850,1,0,0,5,8,288,0,0,0,0,0
490,14,9,1,1,0,916,1,0,0,5,8,176,1,0,0,0,0
491,11,1,1,1,0,917,1,0,0,5,8,215,0,0,0,0,0
492,18,1,1,1,0,916,1,0,0,5,8,337,0,0,0,0,0
493,37,10,1,2,0,5311,0,0,0,5,8,278,0,0,0,0,0
494,12,1,0,1,0,707,1,0,0,5,8,188,1,0,0,0,0
495,21,0,2,1,0,916,1,0,0,5,8,174,1,0,0,0,0
496,21,1,0,1,0,958,1,0,0,5,8,226,1,0,0,0,0
497,32,1,0,1,0,957,1,0,0,5,8,190,0,0,0,0,0
498,26,1,1,1,0,817,1,0,0,5,8,111,1,0,0,0,0
499,19,9,2,1,0,933,1,0,0,5,8,164,0,0,0,0,0
500,28,0,1,0,0,1192,1,1,0,5,8,157,1,0,0,0,0
501,14,9,2,3,0,746,0,0,0,5,8,46,0,0,0,0,0
502,19,4,2,2,0,1146,1,1,0,5,8,374,0,0,0,0,0
503,11,1,1,1,0,925,1,0,0,5,8,349,0,0,0,0,0
504,23,1,1,1,0,1862,1,0,0,5,8,325,0,0,0,0,0
505,27,1,1,0,0,2213,1,0,0,5,8,233,1,0,0,0,0
506,39,5,0,1,0,587,1,0,0,5,8,531,0,0,0,0,0
507,30,1,2,1,0,960,1,0,0,5,8,153,0,0,0,0,0
508,42,5,1,1,1,931,0,0,0,5,8,80,0,0,0,0,0
509,8,0,2,1,0,1628,1,0,0,5,8,232,0,0,0,0,0
510,40,5,1,1,0,5347,1,0,0,5,8,118,0,0,0,0,0
511,16,0,1,1,0,1423,1,0,0,5,8,190,0,0,0,0,0
512,37,10,0,1,0,1303,1,0,0,5,8,916,0,0,0,0,1
513,23,1,1,0,0,916,1,1,0,5,8,238,0,0,0,0,0
514,32,4,0,1,0,2626,1,0,0,5,8,82,0,0,0,0,0
515,31,2,1,1,0,1083,1,1,0,5,8,198,2,0,0,0,0
516,26,0,1,3,0,956,0,1,0,5,8,160,1,0,0,0,0
517,26,1,1,0,0,1064,1,0,0,5,8,211,0,0,0,0,0
518,13,9,1,1,0,933,1,1,0,5,8,120,0,0,0,0,0
519,16,1,2,2,0,1927,1,0,0,5,8,136,0,0,0,0,0
520,28,4,2,3,0,2441,1,0,0,5,8,269,0,0,0,0,0
521,24,4,1,2,0,1660,0,0,0,5,8,157,0,0,0,0,0
522,34,0,1,1,0,1400,1,0,0,5,8,128,0,0,0,0,0
523,11,4,2,2,0,916,1,0,0,5,8,211,0,0,0,0,0
524,35,5,1,0,0,1052,1,0,0,5,8,267,1,0,0,0,0
525,25,1,1,1,0,2251,1,0,0,5,8,371,1,0,0,0,0
526,20,4,1,1,0,1433,1,0,0,5,8,288,1,0,0,0,0
527,28,4,1,2,0,1375,1,0,0,5,8,221,0,0,0,0,0
528,30,4,0,3,0,1465,1,0,0,5,8,427,0,0,0,0,0
529,12,0,0,1,0,999,1,1,0,5,8,310,0,0,0,0,0
530,26,1,1,0,0,1129,0,0,0,5,8,158,0,0,0,0,0
531,13,3,1,0,0,1119,1,0,0,5,8,604,2,0,0,0,0
532,24,7,2,1,0,1434,1,0,0,5,8,198,0,0,0,0,0
533,22,4,2,2,0,4472,1,0,0,5,8,145,0,0,0,0,0
534,34,0,1,1,0,2152,1,0,0,5,8,247,0,0,0,0,0
535,27,1,0,1,0,1672,1,0,0,5,8,179,1,0,0,0,0
536,30,1,1,1,0,1073,1,0,0,5,8,73,0,0,0,0,0
537,27,1,1,0,0,850,1,0,0,5,8,263,1,0,0,0,0
538,16,1,1,3,0,1161,1,0,0,5,8,13,0,0,0,0,0
539,16,1,1,0,0,772,1,0,0,5,8,79,1,0,0,0,0
540,28,1,1,1,0,987,1,0,0,5,8,416,0,0,0,0,0
541,31,7,0,1,0,1421,1,0,0,5,8,162,0,0,0,0,0
542,32,9,1,0,0,1165,1,0,0,5,8,129,0,0,0,0,0
543,16,0,2,1,0,916,1,0,0,5,8,150,0,0,0,0,0
544,22,10,2,1,0,927,1,0,0,5,8,43,0,0,0,0,0
545,18,0,1,1,0,1555,1,0,0,5,8,191,0,0,0,0,0
546,41,1,0,3,0,1040,1,0,0,5,8,26,0,0,0,0,0
547,27,1,1,1,0,998,1,0,0,5,8,250,0,0,0,0,0
548,18,6,1,2,0,1023,1,0,0,5,8,146,0,0,0,0,0
549,38,7,1,1,0,1389,1,0,0,5,8,416,0,0,0,0,0
550,24,7,0,1,0,1288,1,1,0,5,8,121,1,0,0,0,0
551,12,0,1,1,0,962,1,0,0,5,8,114,1,0,0,0,0
552,12,8,2,2,0,950,1,0,0,5,8,289,0,0,0,0,0
553,29,6,1,3,0,1851,1,0,0,5,8,225,0,0,0,0,0
554,15,1,1,1,0,906,1,0,0,5,8,123,0,0,0,0,0
555,18,0,1,1,0,810,1,0,0,5,8,130,1,0,0,0,0
556,21,7,0,0,0,1387,1,0,0,5,8,161,1,0,0,0,0
557,38,0,0,1,0,1694,1,0,0,5,8,149,1,0,0,0,0
558,21,1,0,3,0,1086,1,0,0,5,8,268,1,0,0,0,0
559,24,9,1,1,0,1231,1,0,0,5,8,259,1,0,0,0,0
560,34,1,1,1,0,3939,0,0,0,5,8,26,0,0,0,0,0
561,18,0,0,1,0,1047,1,0,0,5,8,153,0,0,0,0,0
562,17,2,1,1,1,1120,1,0,0,5,8,424,1,0,0,0,0
563,29,9,1,1,0,999,1,0,0,5,8,179,1,0,0,0,0
564,41,7,0,1,0,916,1,1,0,5,8,97,0,0,0,0,0
565,39,1,1,0,0,5345,1,1,0,5,8,383,0,0,0,0,0
566,20,4,1,3,0,2667,1,0,0,5,8,440,0,0,0,0,0
567,28,10,1,1,0,791,1,0,0,5,8,23,0,0,0,0,0
568,16,1,1,1,0,916,0,0,0,5,8,195,0,0,0,0,0
569,10,7,2,1,0,5188,1,0,0,5,8,1253,2,0,0,0,1
570,20,9,1,3,0,1489,1,0,0,5,8,87,0,0,0,0,0
571,38,1,1,1,0,2515,1,0,0,5,8,427,0,0,0,0,0
572,23,1,2,0,1,779,1,1,0,5,8,189,0,0,0,0,0
573,34,9,1,3,0,916,0,0,0,5,8,195,0,0,0,0,0
574,36,7,1,1,0,1109,0,0,0,5,8,179,0,0,0,0,0
575,43,5,1,1,0,1111,1,1,0,5,8,179,0,0,0,0,0
576,35,2,1,1,0,1204,0,0,0,5,8,69,0,0,0,0,0
577,29,9,1,1,0,935,1,0,0,5,8,105,1,0,0,0,0
578,35,1,1,0,0,941,1,0,0,5,8,266,2,0,0,0,0
579,28,7,1,1,0,1132,1,0,0,5,8,524,1,0,0,0,0
580,21,1,0,0,0,1106,1,1,0,5,8,96,1,0,0,0,0
581,38,9,0,1,0,1015,1,0,0,5,8,155,1,0,0,0,0
582,37,7,0,0,0,3181,1,0,0,5,8,162,1,0,0,0,0
583,26,4,1,2,0,933,1,0,0,5,8,352,1,0,0,0,0
584,19,9,1,0,0,916,1,0,0,5,8,76,3,0,0,0,0
585,17,1,1,0,0,916,1,0,0,5,8,154,1,0,0,0,0
586,37,1,1,1,0,1756,1,0,0,5,8,310,1,0,0,0,0
587,19,7,1,1,0,1274,1,0,0,5,8,390,2,0,0,0,0
588,12,9,2,1,0,916,1,0,0,5,8,369,0,0,0,0,0
589,19,1,1,0,0,593,1,1,0,5,8,112,1,0,0,0,0
590,18,9,2,1,0,901,1,0,0,5,8,341,2,0,0,0,0
591,20,9,1,1,0,1497,1,0,0,5,8,79,0,0,0,0,0
592,23,0,0,0,0,4594,1,0,0,5,8,140,1,0,0,0,0
593,30,5,1,1,0,990,0,1,0,5,8,315,0,0,0,0,0
594,37,7,0,1,0,1057,1,0,0,5,8,262,1,0,0,0,0
595,10,7,0,1,0,1005,0,0,0,5,8,174,1,0,0,0,0
596,36,7,1,1,1,916,1,0,0,5,8,138,2,0,0,0,0
597,12,1,1,1,0,1366,0,0,0,5,8,526,1,0,0,0,0
598,30,9,1,2,0,1226,0,0,0,5,8,135,0,0,0,0,0
599,13,6,1,1,0,916,1,0,0,5,8,36,4,0,0,0,0
600,20,1,1,1,0,1300,1,0,0,5,8,1496,2,0,0,0,0
601,19,1,1,1,0,1311,1,0,0,5,8,219,1,0,0,0,0
602,19,7,2,3,0,798,1,0,0,5,8,147,1,0,0,0,0
603,38,1,1,0,0,921,1,1,0,5,8,407,1,0,0,0,0
604,33,1,1,1,0,966,1,1,0,5,8,121,0,0,0,0,0
605,21,1,1,1,0,1201,1,1,0,5,8,209,0,0,0,0,0
606,31,9,1,3,0,931,0,0,0,5,8,92,1,0,0,0,0
607,33,1,1,0,0,1569,1,1,0,5,8,208,0,0,0,0,0
608,25,6,1,1,0,1834,1,0,0,5,8,193,0,0,0,0,0
609,14,7,1,1,0,1159,1,1,0,5,8,144,0,0,0,0,0
610,11,9,2,2,0,1321,1,0,0,5,8,65,0,0,0,0,0
611,30,4,0,2,0,2244,1,0,0,5,8,339,0,0,0,0,0
612,37,7,1,0,0,1171,1,0,0,5,8,285,0,0,0,0,0
613,35,1,1,1,0,4126,1,0,0,5,8,231,0,0,0,0,0
614,29,9,1,3,0,3000,1,0,0,5,8,168,0,0,0,0,0
615,21,4,1,2,0,3698,1,0,0,5,8,278,0,0,0,0,0
616,13,1,2,2,0,976,1,1,0,5,8,389,0,0,0,0,0
617,21,1,1,0,0,3115,1,0,0,5,8,158,0,0,0,0,0
618,22,1,1,0,0,3701,1,0,0,5,8,145,1,0,0,0,0
619,22,9,2,3,0,911,1,0,0,5,8,78,1,0,0,0,0
620,30,9,1,1,0,1063,0,0,0,5,8,142,2,0,0,0,0
621,15,9,0,1,0,923,1,1,0,5,8,87,0,0,0,0,0
622,22,9,1,1,0,1025,1,0,0,5,8,147,1,0,0,0,0
623,41,5,1,0,0,797,1,0,0,5,8,289,0,0,0,0,0
624,12,9,1,1,0,1400,1,0,0,5,8,703,0,0,0,0,1
625,13,4,2,2,0,2756,1,0,0,5,8,170,2,0,0,0,0
626,17,10,1,1,0,1449,1,0,0,5,8,802,0,0,0,0,0
627,36,9,0,1,0,937,1,0,0,5,8,381,1,0,0,0,0
628,16,0,2,3,0,3307,1,0,0,5,8,218,3,0,0,0,0
629,14,9,1,1,0,1006,1,1,0,5,8,57,1,0,0,0,0
630,38,0,0,3,0,4696,1,0,0,5,8,304,1,0,0,0,0
631,14,0,2,2,0,1311,1,0,0,5,8,241,2,0,0,0,0
632,24,1,1,0,0,931,1,0,0,5,8,230,0,0,0,0,0
633,15,7,1,2,0,1001,0,0,0,5,8,262,2,0,0,0,0
634,34,2,1,2,0,732,1,1,0,5,8,392,1,0,0,0,0
635,34,7,1,1,0,1576,0,0,0,5,8,201,1,0,0,0,0
636,34,1,0,0,1,733,1,0,0,5,8,145,0,0,0,0,0
637,12,10,0,1,0,2060,1,0,0,5,8,252,0,0,0,0,0
638,26,7,0,1,0,917,1,0,0,5,8,235,3,0,0,0,0
639,17,0,1,1,0,985,1,1,0,5,8,235,1,0,0,0,0
640,37,4,2,1,0,1136,1,0,0,5,8,328,1,0,0,0,0
641,15,1,1,0,0,1248,1,0,0,5,8,116,1,0,0,0,0
642,19,1,2,1,0,1156,1,0,0,5,8,246,0,0,0,0,0
643,24,9,2,1,0,916,1,0,0,5,8,293,0,0,0,0,0
644,25,10,1,1,0,916,1,0,0,5,8,37,1,0,0,0,0
645,20,2,1,2,0,1814,1,0,0,5,8,132,1,0,0,0,0
646,19,9,1,1,0,1039,1,1,0,5,8,530,1,0,0,0,0
647,13,8,2,1,0,1168,1,0,0,5,8,175,2,0,0,0,0
648,23,4,1,2,0,981,1,0,0,5,8,524,1,0,0,0,0
649,23,9,1,1,0,553,1,1,0,5,8,29,2,0,0,0,0
650,11,8,2,1,0,1125,1,0,0,5,8,311,1,0,0,0,0
651,20,0,2,1,0,1137,1,0,0,5,8,211,1,0,0,0,0
652,26,6,0,2,0,920,1,0,0,5,8,312,2,0,0,0,0
653,21,0,1,1,0,1020,1,0,0,5,8,412,0,0,0,0,0
654,10,9,2,1,0,1228,1,0,0,5,8,392,0,0,0,0,0
655,15,1,1,1,0,569,1,0,0,5,8,191,0,0,0,0,0
656,23,7,1,3,0,920,0,0,0,5,8,284,1,0,0,0,0
657,22,1,1,0,0,596,1,1,0,5,8,144,0,0,0,0,0
658,11,0,1,1,0,766,1,0,0,5,8,328,0,0,0,0,0
659,20,4,1,3,0,2265,1,0,0,5,8,100,0,0,0,0,0
660,14,0,1,2,0,1197,1,0,0,5,8,226,0,0,0,0,0
661,27,7,1,1,0,2175,1,0,0,5,8,507,0,0,0,0,0
662,15,0,2,1,0,1017,1,0,0,5,8,392,0,0,0,0,0
663,16,1,1,1,0,1764,1,0,0,5,8,684,1,0,0,0,0
664,23,2,1,3,0,1005,1,0,0,5,8,333,1,0,0,0,0
665,23,1,1,1,0,1056,1,0,0,5,8,311,2,0,0,0,0
666,17,0,2,1,0,1064,1,0,0,5,8,128,1,0,0,0,0
667,22,9,2,1,0,1116,1,0,0,5,8,322,1,0,0,0,0
668,42,6,1,0,0,962,1,0,0,5,8,202,3,0,0,0,0
669,29,7,0,1,0,1117,1,0,0,5,8,92,1,0,0,0,0
670,28,1,1,0,0,1446,1,0,0,5,8,739,2,0,0,0,0
671,13,1,2,1,0,916,1,0,0,5,8,273,1,0,0,0,0
672,31,6,1,1,0,917,1,0,0,5,8,260,2,0,0,0,0
673,11,1,1,1,0,959,1,0,0,5,8,268,1,0,0,0,0
674,13,4,2,2,0,743,1,0,0,5,8,396,1,0,0,0,0
675,20,4,1,2,0,1305,1,0,0,5,8,262,0,0,0,0,0
676,19,1,1,0,0,1131,1,1,0,5,8,308,2,0,0,0,0
677,17,9,1,1,0,785,1,0,0,5,8,467,1,0,0,0,0
678,13,4,2,1,0,1699,1,0,0,5,8,320,0,0,0,0,0
679,23,0,1,1,0,916,1,0,0,5,8,160,2,0,0,0,0
680,28,7,1,3,0,996,1,0,0,5,8,245,1,0,0,0,0
681,22,7,0,1,0,1021,1,0,0,5,8,189,1,0,0,0,0
682,11,0,1,1,0,1098,1,1,0,5,8,477,0,0,0,0,0
683,31,0,1,1,0,998,1,0,0,5,8,310,0,0,0,0,0
684,24,4,1,2,0,916,1,0,0,5,8,65,2,0,0,0,0
685,36,7,1,1,0,1426,1,0,0,5,8,196,1,0,0,0,0
686,22,4,2,2,0,1158,1,0,0,5,8,221,1,0,0,0,0
687,35,0,1,1,0,1160,1,1,0,5,8,197,1,0,0,0,0
688,31,4,1,2,0,1008,1,0,0,5,8,221,1,0,0,0,0
689,22,1,1,0,1,916,1,0,0,5,8,64,1,0,0,0,0
690,11,8,2,1,0,1864,1,0,0,5,8,75,1,0,0,0,0
691,18,1,1,0,0,939,1,0,0,5,8,400,1,0,0,0,0
692,19,9,1,1,0,1626,1,0,0,5,8,378,2,0,0,0,0
693,21,7,1,1,0,2121,1,0,0,5,8,118,1,0,0,0,0
694,18,9,1,1,0,1284,1,1,0,5,8,1419,1,0,0,0,1
695,26,2,1,2,0,2544,1,0,0,5,8,346,1,0,0,0,0
696,22,0,1,1,0,922,1,0,0,5,8,60,2,0,0,0,0
697,31,1,1,1,0,942,1,0,0,5,8,276,1,0,0,0,0
698,12,9,2,3,0,868,1,0,0,5,8,152,1,0,0,0,0
699,39,4,1,2,0,3035,1,0,0,5,8,251,2,0,0,0,0
700,6,7,2,1,0,993,1,1,0,5,8,390,1,0,0,0,0
701,28,1,1,3,0,1317,1,0,0,5,8,306,1,0,0,0,0
702,15,0,1,1,0,937,0,0,0,5,8,189,2,0,0,0,0
703,25,7,0,1,0,916,1,0,0,5,8,125,1,0,0,0,0
704,25,0,2,1,0,431,1,0,0,5,8,234,1,0,0,0,0
705,22,1,0,0,0,1285,0,0,0,5,8,79,1,0,0,0,0
706,26,9,2,3,0,994,1,0,0,5,8,13,5,0,0,0,0
707,17,9,2,2,0,1142,1,1,0,5,8,283,2,0,0,0,0
708,29,9,1,1,0,1419,1,0,0,5,8,109,1,0,0,0,0
709,15,1,1,1,0,1288,1,0,0,5,8,132,1,0,0,0,0
710,13,0,1,1,0,916,1,1,0,5,8,144,1,0,0,0,0
711,22,1,0,1,0,916,1,0,0,5,8,121,1,0,0,0,0
712,18,2,1,2,0,1041,1,0,0,5,8,95,2,0,0,0,0
713,38,5,0,0,0,920,1,0,0,5,8,31,2,0,0,0,0
714,22,0,2,3,0,1335,1,0,0,5,8,112,2,0,0,0,0
715,23,0,0,1,0,1238,1,0,0,5,8,87,3,0,0,0,0
716,35,5,1,1,0,1219,1,0,0,5,8,593,1,0,0,0,0
717,21,1,1,1,0,1523,1,0,0,5,8,99,1,0,0,0,0
718,26,1,0,1,0,1495,1,0,0,5,8,198,1,0,0,0,0
719,20,0,1,1,0,3847,1,0,0,5,8,285,1,0,0,0,0
720,36,9,0,1,0,999,1,0,0,5,8,190,2,0,0,0,0
721,40,4,1,2,0,984,1,0,0,5,8,172,4,0,0,0,0
722,34,1,1,0,0,974,1,0,0,5,8,213,2,0,0,0,0
723,10,0,2,1,0,1167,1,0,0,5,8,178,1,0,0,0,0
724,18,1,1,1,0,1604,1,0,0,5,8,174,1,0,0,0,0
725,42,5,1,0,0,1280,1,0,0,5,8,631,1,0,0,0,0
726,24,7,0,1,0,971,1,0,0,5,8,176,4,0,0,0,0
727,24,0,1,1,0,1017,1,0,0,5,8,32,2,0,0,0,0
728,26,4,1,2,0,1021,1,0,0,5,8,1388,1,0,0,0,0
729,33,1,0,0,0,1241,1,0,0,5,8,254,1,0,0,0,0
730,31,1,1,0,0,1114,1,0,0,5,8,200,1,0,0,0,0
731,29,2,1,3,0,1125,1,0,0,5,8,135,1,0,0,0,0
732,19,1,1,1,0,1099,1,0,0,5,8,112,3,0,0,0,0
733,16,4,1,2,0,1021,1,0,0,5,8,314,2,0,0,0,0
734,17,7,1,1,0,1025,1,0,0,5,8,597,2,0,0,0,0
735,17,1,2,1,0,1292,1,1,0,5,8,207,2,0,0,0,0
736,22,1,1,0,0,909,1,0,0,5,8,410,1,0,0,0,0
737,37,9,1,1,0,916,0,0,0,5,8,160,2,0,0,0,0
738,37,5,1,1,0,1059,1,0,0,5,8,42,2,0,0,0,0
739,17,4,2,2,0,1466,1,0,0,5,8,55,1,0,0,0,0
740,39,1,1,0,0,1078,1,0,0,5,8,155,1,0,0,0,0
741,35,4,1,2,0,1031,1,0,0,5,8,336,2,0,0,0,0
742,23,1,1,0,0,1428,1,0,0,5,8,233,1,0,0,0,0
743,39,1,1,3,0,1723,1,0,0,5,8,211,1,0,0,0,0
744,27,1,1,3,0,1164,1,0,0,5,8,88,4,0,0,0,0
745,25,1,1,0,0,2127,1,0,0,5,8,208,2,0,0,0,0
746,38,6,1,3,0,923,0,0,0,5,8,305,1,0,0,0,0
747,13,2,1,2,0,1197,1,0,0,5,8,206,1,0,0,0,0
748,19,1,2,1,0,1004,1,0,0,5,8,128,1,0,0,0,0
749,12,4,1,2,0,948,1,0,0,5,8,122,2,0,0,0,0
750,12,0,2,1,0,1031,1,0,0,5,8,66,2,0,0,0,0
751,36,1,1,1,0,1170,1,0,0,5,8,66,1,0,0,0,0
752,18,4,1,2,0,1060,1,0,0,5,8,164,1,0,0,0,0
753,37,10,1,2,0,1299,0,0,0,5,8,343,2,0,0,0,0
754,19,0,2,1,0,1485,1,1,0,5,8,126,1,0,0,0,0
755,20,3,1,1,0,916,1,0,0,5,8,59,2,0,0,0,0
756,30,0,1,1,0,4383,1,0,0,5,8,249,2,0,0,0,0
757,37,3,0,2,0,5875,1,0,0,5,8,406,2,0,0,0,0
758,41,7,1,1,0,1223,1,1,0,5,8,250,6,0,0,0,0
759,19,9,1,1,0,502,1,0,0,5,8,183,4,0,0,0,0
760,15,1,0,1,0,976,0,0,0,5,8,190,2,0,0,0,0
761,26,1,1,0,0,983,1,0,0,5,8,220,1,0,0,0,0
762,39,9,1,1,0,1318,1,0,0,5,8,153,2,0,0,0,0
763,12,6,2,2,0,1716,0,0,0,5,8,95,1,0,0,0,0
764,24,9,1,2,0,1155,1,1,0,5,8,191,2,0,0,0,0
765,33,1,0,1,0,1337,1,0,0,5,8,216,1,0,0,0,0
766,26,0,0,1,0,1077,1,0,0,6,8,89,1,0,0,0,0
767,28,9,1,1,1,1205,0,0,0,6,8,51,2,0,0,0,0
768,11,8,2,1,0,1026,1,0,0,6,8,169,2,0,0,0,0
769,21,1,1,0,0,1161,1,0,0,6,8,148,2,0,0,0,0
770,24,7,1,1,0,916,1,0,0,6,8,132,2,0,0,0,0
771,32,1,1,0,0,1072,1,0,0,6,8,117,2,0,0,0,0
772,24,9,2,1,0,916,1,0,0,6,8,275,3,0,0,0,0
773,21,0,1,1,0,936,1,0,0,6,8,124,1,0,0,0,0
774,37,9,2,2,0,1008,1,0,0,6,8,118,2,0,0,0,0
775,28,7,1,1,0,1005,1,0,0,6,8,479,1,0,0,0,0
776,24,1,1,1,0,1082,1,0,0,6,8,285,2,0,0,0,0
777,27,4,1,2,0,1019,1,0,0,6,8,35,3,0,0,0,0
778,25,1,1,0,0,472,1,0,0,6,8,322,1,0,0,0,0
779,24,0,1,1,0,1361,1,0,0,6,8,202,1,0,0,0,0
780,12,0,1,1,0,920,0,0,0,6,8,172,7,0,0,0,0
781,29,1,1,1,0,1917,1,0,0,6,8,201,3,0,0,0,0
782,33,7,0,1,0,847,1,0,0,6,8,216,2,0,0,0,0
783,20,9,2,1,0,958,1,0,0,6,8,195,1,0,0,0,0
784,39,9,1,3,0,2530,1,0,0,6,8,96,1,0,0,0,0
785,24,4,0,2,0,1137,1,0,0,6,8,720,1,0,0,0,0
786,14,9,0,1,0,1126,1,1,0,6,8,188,1,0,0,0,0
787,28,4,1,2,0,916,0,0,0,6,8,70,1,0,0,0,0
788,11,8,2,2,0,1101,1,0,0,6,8,141,2,0,0,0,0
789,41,5,1,1,0,1752,1,0,0,6,8,106,0,0,0,0,0
790,14,1,2,1,0,1217,1,0,0,6,8,395,1,0,0,0,0
791,26,1,1,0,0,1419,1,0,0,6,8,629,1,0,0,0,0
792,22,5,1,0,0,1323,1,0,0,6,8,502,0,0,0,0,0
793,13,1,2,1,0,969,1,0,0,6,8,446,0,0,0,0,0
794,28,6,1,2,0,3186,1,0,0,6,8,241,0,0,0,0,0
795,25,4,1,2,0,1060,1,0,0,6,8,131,2,0,0,0,0
796,16,7,1,1,0,1121,1,0,0,6,8,312,0,0,0,0,0
797,21,4,1,2,0,1221,1,0,0,6,8,275,5,0,0,0,0
798,12,1,0,1,0,1167,1,1,0,6,8,120,1,0,0,0,0
799,38,5,1,1,0,916,1,0,0,6,8,333,3,0,0,0,0
800,11,9,1,1,0,924,0,0,0,6,8,113,0,0,0,0,0
801,22,1,0,1,0,1055,1,0,0,6,8,91,0,0,0,0,0
802,18,7,1,1,0,1100,1,0,0,6,8,128,2,0,0,0,0
803,19,1,2,1,0,1154,1,0,0,6,8,200,1,0,0,0,0
804,17,0,1,1,0,916,0,0,0,6,8,326,0,0,0,0,0
805,17,1,1,0,1,916,1,0,0,6,8,292,0,0,0,0,0
806,29,7,1,0,0,1138,1,0,0,6,8,68,0,0,0,0,0
807,13,7,1,1,0,1330,1,0,0,6,8,215,0,0,0,0,0
808,38,5,2,0,0,1139,1,0,0,6,8,97,0,0,0,0,0
809,39,9,1,1,0,1113,0,0,0,6,8,32,0,0,0,0,0
810,18,1,1,1,0,665,1,0,0,6,8,162,0,0,0,0,0
811,27,6,0,1,0,777,1,0,0,6,8,152,2,0,0,0,0
812,29,1,1,3,0,1649,1,0,0,6,8,268,0,0,0,0,0
813,11,9,2,2,0,916,1,0,0,6,8,104,1,0,0,0,0
814,39,7,1,1,0,917,0,0,0,6,8,851,0,0,0,0,0
815,27,1,1,0,0,1013,1,0,0,6,8,921,2,0,0,0,0
816,13,1,2,0,0,1351,1,0,0,6,8,159,1,0,0,0,0
817,13,4,0,2,0,916,1,0,0,6,8,951,2,0,0,0,0
818,19,9,2,2,0,1063,0,0,0,6,8,416,1,0,0,0,0
819,12,9,2,2,0,919,1,0,0,6,8,174,0,0,0,0,0
820,40,7,0,1,0,2025,1,1,0,6,8,180,0,0,0,0,0
821,15,7,1,1,0,1320,1,0,0,6,8,139,0,0,0,0,0
822,21,1,1,0,0,1897,1,0,0,6,8,294,0,0,0,0,0
823,15,1,2,0,0,1011,1,0,0,6,8,102,0,0,0,0,0
824,16,7,1,1,0,1218,1,0,0,6,8,124,0,0,0,0,0
825,18,7,0,1,0,627,1,1,0,6,8,128,0,0,0,0,0
826,19,7,2,1,0,1175,1,0,0,6,8,130,0,0,0,0,0
827,17,1,1,1,0,1443,1,1,0,6,8,143,0,0,0,0,0
828,37,5,1,1,0,1018,1,0,0,6,8,74,0,0,0,0,0
829,16,4,2,2,0,1788,1,0,0,6,8,105,1,0,0,0,0
830,22,4,0,2,0,1406,1,0,0,6,8,477,1,0,0,0,0
831,24,1,2,0,0,935,1,0,0,6,8,158,0,0,0,0,0
832,19,1,1,1,0,932,1,0,0,6,8,250,0,0,0,0,0
833,24,4,1,2,0,1302,1,0,0,6,8,168,0,0,0,0,0
834,17,9,2,1,0,1455,1,0,0,6,8,520,0,0,0,0,0
835,26,9,0,1,0,589,1,0,0,6,8,171,0,0,0,0,0
836,12,7,2,1,0,742,1,0,0,6,8,113,0,0,0,0,0
837,27,2,1,1,0,984,1,0,0,6,8,254,0,0,0,0,0
838,17,1,2,3,1,398,1,0,0,6,8,149,0,0,0,0,0
839,18,0,0,1,0,916,1,0,0,6,8,133,1,0,0,0,0
840,31,1,1,1,0,980,1,0,0,6,8,293,2,0,0,0,0
841,13,1,2,1,0,2331,1,0,0,6,8,485,0,0,0,0,0
842,13,9,2,1,0,1063,1,0,0,6,8,374,0,0,0,0,0
843,21,1,1,1,0,988,1,0,0,6,8,425,5,0,0,0,0
844,19,7,2,1,0,720,1,0,0,6,8,207,0,0,0,0,0
845,15,1,1,0,0,1632,1,0,0,6,8,83,2,0,0,0,0
846,19,4,1,2,0,916,1,0,0,6,8,228,0,0,0,0,0
847,24,7,1,1,0,670,1,0,0,6,8,149,0,0,0,0,0
848,38,1,1,1,0,713,1,0,0,6,8,139,0,0,0,0,0
849,19,0,2,1,0,1161,1,1,0,6,8,732,1,0,0,0,1
850,18,7,2,1,0,1258,1,0,0,6,8,142,0,0,0,0,0
851,11,9,2,2,0,919,1,0,0,6,8,359,0,0,0,0,0
852,36,4,1,2,1,668,1,1,0,6,8,112,0,0,0,0,0
853,20,1,1,1,0,1292,1,0,0,6,8,1386,0,0,0,0,0
854,25,1,0,1,0,1286,1,0,0,6,8,216,0,0,0,0,0
855,29,0,2,1,0,1510,1,0,0,6,8,161,0,0,0,0,0
856,29,1,1,1,0,1303,1,0,0,6,8,122,1,0,0,0,0
857,20,7,1,1,0,1124,1,0,0,6,8,800,0,0,0,0,0
858,22,1,1,1,0,1479,1,0,0,6,8,615,0,0,0,0,0
859,15,7,0,1,0,1308,1,1,0,6,8,254,0,0,0,0,0
860,15,5,1,1,0,1081,0,0,0,6,8,111,0,0,0,0,0
861,35,0,0,3,0,1152,1,0,0,6,8,354,0,0,0,0,0
862,19,7,1,0,0,968,1,0,0,6,8,359,0,0,0,0,0
863,22,4,2,2,0,2181,1,0,0,6,8,97,0,0,0,0,0
864,19,1,1,0,0,1609,1,0,0,6,8,327,2,0,0,0,0
865,17,9,1,1,0,1034,1,0,0,6,8,236,0,0,0,0,0
866,31,1,1,0,0,4314,1,0,0,6,8,160,0,0,0,0,0
867,8,1,2,1,0,940,1,0,0,6,8,180,0,0,0,0,0
868,20,4,2,2,0,1589,1,0,0,6,8,184,0,0,0,0,0
869,34,6,1,1,0,1189,0,0,0,6,8,227,0,0,0,0,0
870,15,7,0,1,0,1243,1,0,0,6,8,109,0,0,0,0,0
871,13,0,2,1,0,1215,1,0,0,6,8,492,1,0,0,0,0
872,14,1,1,1,0,916,1,0,0,6,8,298,0,0,0,0,0
873,17,1,2,0,0,1025,1,0,0,6,8,83,1,0,0,0,0
874,37,4,0,2,0,1468,0,0,0,6,8,241,1,0,0,0,0
875,14,1,0,0,0,1389,1,0,0,6,8,204,1,0,0,0,0
876,19,11,2,3,0,1330,1,0,0,6,8,131,0,0,0,0,0
877,27,1,1,1,0,1070,1,0,0,6,8,1127,0,0,0,0,1
878,13,9,1,1,0,1260,1,0,0,6,8,123,0,0,0,0,0
879,20,0,1,1,0,924,1,0,0,6,8,125,0,0,0,0,0
880,19,7,1,1,0,994,1,0,0,6,8,295,1,0,0,0,0
881,20,1,1,1,0,1182,1,0,0,6,8,287,0,0,0,0,0
882,15,3,1,2,0,1014,1,1,0,6,8,109,0,0,0,0,0
883,20,1,1,0,0,999,1,0,0,6,8,140,1,0,0,0,0
884,19,4,2,2,1,961,1,0,0,6,8,204,0,0,0,0,0
885,11,10,1,2,0,924,1,0,0,6,8,233,0,0,0,0,0
886,24,4,1,2,0,1179,1,0,0,6,8,254,0,0,0,0,0
887,22,1,1,1,0,1222,1,0,0,6,8,184,1,0,0,0,0
888,14,4,1,2,0,1149,1,0,0,6,8,193,0,0,0,0,0
889,29,4,0,2,0,1363,0,1,0,6,8,126,0,0,0,0,0
890,11,8,2,1,0,1788,1,0,0,6,8,230,0,0,0,0,0
891,35,7,0,0,0,626,1,1,0,6,8,591,0,0,0,0,1
892,13,7,1,2,0,1225,1,1,0,6,8,294,0,0,0,0,0
893,41,1,1,1,0,1118,1,0,0,6,8,173,0,0,0,0,0
894,11,2,1,0,0,972,1,1,0,6,8,336,0,0,0,0,0
895,41,1,1,0,0,1145,1,1,0,6,8,19,0,0,0,0,0
896,26,1,1,0,0,1059,1,0,0,6,8,153,0,0,0,0,0
897,20,0,2,1,0,1016,1,0,0,6,8,786,0,0,0,0,1
898,31,0,1,1,0,1242,1,0,0,6,8,99,1,0,0,0,0
899,25,1,1,1,0,1083,1,0,0,6,8,243,0,0,0,0,0
900,34,0,2,1,0,1461,1,0,0,6,8,260,0,0,0,0,0
901,22,0,1,1,0,2994,1,1,0,6,8,164,1,0,0,0,0
902,14,7,1,1,0,916,1,1,0,6,8,255,1,0,0,0,0
903,29,0,1,0,0,1108,1,0,0,6,8,47,0,0,0,0,0
904,15,4,1,2,0,1358,1,0,0,6,8,463,0,0,0,0,0
905,17,4,1,2,0,1183,1,0,0,6,8,192,0,0,0,0,0
906,9,7,2,1,0,916,1,0,0,6,8,388,6,0,0,0,0
907,32,1,1,0,0,1293,1,0,0,6,8,221,0,0,0,0,0
908,26,5,1,1,0,6066,0,0,0,6,8,126,4,0,0,0,0
909,25,6,1,0,0,982,1,0,0,6,8,175,4,0,0,0,0
910,33,1,1,3,0,953,1,0,0,6,8,256,5,0,0,0,0
911,14,0,2,1,0,980,1,0,0,6,8,202,1,0,0,0,0
912,29,4,0,2,0,950,1,0,0,6,8,104,0,0,0,0,0
913,16,0,0,1,0,1543,1,0,0,6,8,283,1,0,0,0,0
914,39,6,1,0,0,1929,1,0,0,6,8,448,0,0,0,0,0
915,25,0,2,1,0,1056,1,0,0,6,8,127,0,0,0,0,0
916,22,7,2,2,0,6326,1,0,0,6,8,378,0,0,0,0,0
917,10,1,2,1,0,1013,1,0,0,6,8,67,0,0,0,0,0
